지원대상|서비스명|신청방법|지원내용|온라인 URL 신청사이트|||||
"지원대상 : 유치원, 어린이집을 이용하는 만 3~5세 아동 추가지원 : 저소득층 유아(유아학비 지원 대상 자격이 있고, 사립유치원에 다니는 법정저소득층(기초생활수급자, 차상위계층, 한부모 가정) 유아),누리과정(유아학비) 지원,읍면동 주민센터에 방문하거나 온라인으로 신청,"" 만 3~5세 누리과정 운영에 필요한 비용 지원  - 유아학비, 방과후과정비 지원(국공립 유치원 : 13만원, 사립유치원 : 33만원 지원) - 보육료, 담당교사 처우 개선비, 운영비 지원(330,000원 지원)"",http://online.bokjiro.go.kr/"|||||||||
"지원대상 : 성폭력범죄와 아동학대범죄 피해자중 만 13세 미만 아동이거나 의사소통이 어려운 장애인이 경우 (장애 의심이 되는 경우에도 지원)   연령기준 : 아동(만13세미만), 장애인제한없음 소득인정액 기준없음,""성폭력, 아동학대범죄의 피해 아동과 장애인을 위한 진술조력인 지원"","" 신청권자 : 피해자 본인, 피해자의 법정대리인 또는 변호사 신청방법 : 경찰서, 검찰청 등 수사기관이나 법원에 구두 또는 서면 신청"","" 피해자 사전평가 : 진술조력인은 조사 또는 증언 전 피해자와 면담을 거쳐 피해자의 심리상태, 의사소통 능력 등을 파악 조사 또는 증언방법 논의 : 수사기관 또는 법원에 피해자의 심리상태, 의사소통능력 등에 대하여 전달하여 피해자의 현상태와 수준에 맞는 맞춤형 질문이 이루어 질 수 있도록함 의사소통 중개 : 진술 조력인은 조사 또는 증언시 피해자의 옆에서 피해자가 심리적 안정감을 가지고 편안하게 진술할 수 있도록 도움. 피해자가 질문 내용을 이해하지 못하거나 진술하는데 어려움이 있는 경우 피해자가 쉬운 질문을 이해하고 진술할 수 있도록 진술 조력인이 의사소통을 중개·보조 진술 조력인 보고서 제출 : 조사 또는 증인 신문에 참여하여 진술 조력인은 피해자의 의사소통이나 표현능력, 특성 등에 관한 의견을 수사 기관이나 법원에 제출"",-"|||||||||
"성폭력･아동학대범죄 피해자,성폭력 아동학대 피해자 국선변호사 지원,""성폭력･아동학대범죄 피해자가 검찰청, 경찰서 등 수사기관에 신청"","" 사건 초기부터 수사, 재판시까지 국선변호사 지원"",-"|||||||||
「영유아보육법」에 따른 어린이집 및 「유아교육법」에 따른 유치원을 설치ㆍ운영하기 위하여 취득하는 부동산|영유아 보육시설 지방세 감면|시군구청에 방문하여 신청| 「영유아보육법」에 따른 어린이집 및 「유아교육법」에 따른 유치원(이하 이 조에서 “유치원등”이라 한다)을 설치ㆍ운영하기 위하여 취득하는 부동산에 대해서는 취득세를 2021년 12월 31일까지 면제|-|||||
"국민기초생활보장법에 의한 수급자(가주) 중 만 18세 미만(출생일 기준)의 아동이 실질적으로 가정을 이끌어 가고 있는 세대 소년소녀가정은 가정위탁이나 시설보호에 비해 외부 위험에 노출되어 있는 보호 형태이므로, 추가 지정은 원칙적으로 금지하며, 만 15세 이상으로 아동복지법 제19조에 의해 후견인을 선임하는 경우에 한해 추가 지정 가능,소년소녀가정 지원,읍면동 주민센터에 방문하여 신청,"" 생계급여, 교육급여, 의료급여 부가급여 : 200천 원 이상/인 월(지방이양) 권고 전세자금 지원 : 임차 전용면적 85제곱 미터 이하인 주택(국토교통부)"",-"|||||||||
"만 18세 미만의 학대 피해 아동으로 원 가정으로부터 분리하여 심리치료와 보호가 필요한 경우(학대 피해 아동 보호조치, 피해 아동 응급조치, 피해 아동(임시) 보호명령),학대피해아동쉼터 지원,시‧도 또는 시‧군‧구청에 신청서 제출,"" 피해 아동 보호 및 숙식 제공  피해 아동 생활지원 : 의복 등 생필품 지원, 일상생활 훈련 및 생활 지원  상담 및 치료 : 심리검사, 개별 심리치료, 집단 심리치료, 건강검진 지원 및 병원 치료 학대 피해 아동 전용쉼터에는 보육사 이외에 심리치료사가 상근하면서 피해 아동의 심리 치료  교육 및 정서 지원 : 학업지도, 안전교육, 문화체험, 체육활동"",-"|||||||||
"장애인거주시설(공동생활가정포함) 공통 - 등록장애인으로서 '국민기초생활보장법'에 따른 수급권자 - 수급권자가 아닌 경우라도 등록장애인으로 부양의무자(국민기초생활보장법에 의한 부양의무자를 말함)가 없거나 부양의무자가 있어도 부양능력이 없거나 부양을 받을 수 없는 자 - 입양기관 보호 장애아동 장애인공동생활가정 특성상  - 장애인거주시설 및 재가장애인으로서 공동생활가정에서 생활하는 것이 재활 및 자립에 더 효과적이라고 인정되는 자 - 사회재활교사의 도움을 받아 공동생활을 하는데 큰 지장이 없는 자,장애인공동생활가정 운영지원,"" 장애인공동생활가정 입소 절차 - 장애인본인 또는 친족, 그 밖의 관계인이 관할 시군구청정에게 신청 - 적격성여부 심사 : 입소대상 자격기준에 합당한 자로서 검진, 상담 또는 가정 실태조사 등을 행하고 장애인복지시설 이용 의뢰서를 작성 - 이용계약 체결 : 시설장은 장애인(가족 포함)에게 해당 시설에서 제공되는 서비스 정보를 제공하고 이용계약 체결 여부에 대해 협의 후 계약을 체결하고 시군구청장에게 보고"","" 공동생활가정 이용 장애인 돌봄 및 자립지원 - 장애인들이 스스로 사회에 적응하도록 가정생활, 사회활동 등의 자립생활을 지원"",-"|||||||||
"법인이 운영하는 아동복지시설(아동복지법 제52조에 따른 아동양육시설, 아동일시보호시설, 아동보호치료시설, 공동생활가정, 자립지원시설, 아동상담소, 아동전용시설),아동복지시설 기능보강 지원,시군구를 통해 기능보강사업 국고보조금 예산 신청,"" 증·개축(신축) : 1,325천원/㎡ 개보수 : 662천원/㎡ 장비보강 : 견적에 따른 실비"",-"|||||||||
"아동복지시설 보호 아동 중 심리정서적 문제 행동 아동,아동복지시설 아동치료재활 운영 지원,해당 사업은 민간보조사업자를 선정하여 민간보조사업자가 전국 아동복지시설 보호 아동 중 지원이 필요한 아동에 대해 지원을 하는 사업으로 민간보조사업자에게 신청,"" 사전, 사후 검사 종합심리검사 재활치료프로그램 원가족 관계개선 프로그램 등"",-"|||||||||
"어린이집 이용 영유아, 영유아 부모 등,국공립어린이집 확충 지원,연말 수요조사 공문에 따른 신청 또는 연중 상시수요조사에 대한 수요 신청,"" 국공립어린이집, 장애아 전문어린이집 시설 신축 및 리모델링, 장기임차 등을 통해 공공보육 인프라 확보 및 접근성 제고"",-"|||||||||
"만 7세 미만 모든 아동에게 아동수당을 지급 - 대한민국 국적을 보유한 아동  ㆍ 부모가 외국인이어도 아동이 한국 국적이면 요건 충족  ㆍ 국적법에 따른 복수국적자 포함  ㆍ 난민법에 따른 난민 인정 아동 포함 - 주민등록법에 의한 주민등록번호가 정상적으로 부여된 아동  ㆍ 사회복지 전산관리번호(의료급여 전산관리번호) 부여 대상자 포함  ㆍ 주민등록법에 따른 거주 불명자 중 실제 거주지가 확인되는 자 포함,아동수당,"" 방문 신청 : 보호자 또는 대리인 아동의 주민등록상 주소지 읍면동 주민센터 온라인 신청 - 복지로 온라인(http://www.bokjiro.go.kr)  또는 모바일 ‘복지로’ 앱으로 신청 - 정부24 온라인(http://www.gov.kr)으로 신청 ※ 온라인 신청은 아동의 보호자가 부모인 경우에만 가능하며, 그 외의 경우에는 방문 신청이 필요 신청 기간 - 출생 신고 후 언제든지 신청 가능 - 출생 후 60일 이내(출생일 포함) 아동수당 신청 시, 출생일이 속하는 달부터 소급하여 지급"",""  신청일이 속하는 달부터 매달 25일에 대상 아동 1인당 10만원이 지급 - 25일이 토·일요일·공휴일인 경우 그 전일에 지급  수급을 받던 아동이 90일 이상 국외에 체류하는 경우 지급이 정지 ※ 아동수당은 보육료, 양육수당 등 다른 복지급여를 받고 있는지와 상관없이, 지급 연령·국적 및 주민등록 요건이 충족되면 아동수당 지급"",https://www.gov.kr/mw/AA040OfferMainFrm.do?capp_biz_cd=PG4CG100007&HighCtgCD=&FAX_TYPE=&img=02"|||||||||
어린이집 입소를 희망하는 영유아의 보호자|어린이집 조회|#NAME?| 어린이집 입소 신청 및 조회/변경 서비스|http://www.childcare.go.kr|||||
"정보 활용 취약계층(독거노인, 영유아, 장애인, 다문화 가족, 농어촌 이장단) 본인 또는 관리자,취약계층 대상 생활기상정보 문자서비스 제공,온라인(http://lifesms.kma.go.kr) 개별 신청,"" 정보 활용 취약계층 대상 생활기상정보 문자서비스 제공 - 자외선지수(연중), 동파가능지수(11~3월) 예측값 및 행동 대응요령   ㆍ오늘~내일 예측 단계가 높음이거나 매우 높음 이상인 경우 발송"",http://lifesms.kma.go.kr"|||||||||
"유치원, 초등학교, 지역아동센터 등,지역 박물관과 지역 어린이를 위한 찾아가는 박물관 체험 서비스,지역박물관이 참여학교 공모 및 선정 : 공문발송 및 홈페이지 공고 등,"" '신비한 마법의 방' 주제의 전시 관람, 체험 교육"",www.kidsnfm.go.kr"|||||||||
"가정폭력·성폭력·성매매 등 폭력 피해 이주여성 및 동반 아동,폭력 피해 이주여성 보호시설 운영 지원,""상담소, 1366센터 연계"", 폭력 피해 이주여성 쉼터 28개소 운영 - 숙식의 제공 - 심리적 안정과 사회 적응을 위한 상담 및 치료 - 질병 치료와 건강관리(입소 후 1개월 이내의 건강검진을 포함한다)를 위한 의료기관에의 인도 등 의료지원 - 수사기관의 조사와 법원의 증인신문(證人訊問)에의 동행 - 법률구조기관 등에 필요한 협조와 지원의 요청 - 자립자활교육의 실시와 취업 정보의 제공 등 그룹 홈 3개소 운영 - 폭력 피해 이주여성과 동반 아동의 주거 지원 자활 지원센터 1개소 운영 - 폭력 피해 이주여성의 직업훈련 등 자립 지원,-"|||||||||
"영유아 자녀가 있는 다문화가족※ 예비부모 및 미취학 자녀, 중도입국자녀를 둔 다문화가족 포함※ 만 12세 이하 초등학교 재학 중인 다문화가족 자녀의 경우 센터 상황을 고려하여 시범운영 가능,다문화가족 이중언어 가족환경조성사업,다문화가족지원센터를 방문하여 신청문의처 : 다누리콜센터(1577-1366),"" 이중언어 부모코칭 - 이주부모 및 한국인 배우자 대상 이중언어 사용의 중요성 및 인식개선 교육 - 아동의 발달 및 부모의 역할과 올바른 의사소통기술 등 가족의 역할 교육 부모-자녀 상호작용 프로그램 - 가정 내 활용할 수 있는 다양한 신체활동 등 놀이활동 프로그램 운영 - 동요ㆍ동화 등 교구 교재를 활용한 이중언어 교육 부모코칭 이중언어 활용 프로그램 - 각국의 이주부모들 주체로 이중언어 사용 지지를 위한 부모지지체계 형성의 장 마련 - 자녀와 상호작용하는 다양한 지식과 정보ㆍ방법 등을 공유 가족코칭 - 부모-자녀 상호작용 프로그램 참여 가정을 대상으로 하여, 가족 전체에 대한 코칭"",-"|||||||||
"장애 아동·청소년,장애 아동·청소년 성 인권 교육 지원,""방문, 전화"", 장애 아동·청소년 성 인권 교육 - 체험관 및 이동형 교육장을 활용한 장애 아동·청소년 성교육 및 성폭력예방교육 - 특수학교 장애 아동·청소년 성 보호 교육 실시 - 학교 관리자 및 성교육 담당교사 대상교육 프로그램 운영,-"|||||||||
"유아 및 노인 장애인 국가유공자 또는 유족 기초 생활 수급자 독립유공자 또는 그 유족 참전군인 기초 생활 수급자  숲 사랑 지도원 및 위원 5.18 민주 유공자 또는 그 유족 특수임무 수행자와 또는 그 유족 국군의 날에 입장하는 군인 어린이날에 입장하는 아동 3자녀 이상 다자녀 가족(단, 막내가 12세 미만) 병역명문가 국군포로 또는 억류지 출신 포로 가족 문화가 있는 날인 매달 마지막 주 수요일 입장객,국가유공자 등의 국립수목원 관람료 할인,"" 국립수목원 누리집 관람예약 페이지에서 관람예약 신청 - 개원일 : 평일(화요일~금요일) : 1일/5,000명까지 선착순 사전예약자에 한해 입장 가능,  겹친 공휴일(화요일~금요일) 및 토요일 : 1일/3,000명까지 선착순 사전예약자에 한해 입장 가능 - 휴원일 : 일요일, 월요일, 1월 1일, 설날 및 추석 연휴"","" 입장료 징수 기준(제6조 제1항 관련) - 구분 입장요금 비고  · 어른 1,000원  · 청소년 700원(군인(하사 이하), 대학생(학생증 소지자), 중․고생 또는 만 13세 이상 만 18세 이하인 자)  · 어린이 500원(초등학생 또는 만7세 이상 만 12세 이하인 자) 다음 대상자는 해당 증명서 제출 시 입장료 면제 - 만 6세 이하의 자 및 만 65세 이상인 자 - 「장애인복지법」에 의한 장애인으로 장애인등록증을 소지한 자, 다만, 장애 정도가 심한 장애인에 해당하는 장애인인 경우에는 보호자 1인을 포함한다.  - 「국가유공자 등 예우 및 지원에 관한 법률」에 의한 국가유공자 또는 그 배우자와 국가유공자의 유족 중 국가유공자 유족 증서 소지자.  다만, 상이등급 1급에 해당하는 국가유공자의 경우에는 보호자 1인을 추가한다.  - 「독립유공자 예우에 관한 법률」에 따라 등록된 독립유공자, 그 유족 - 「참전유공자 예우 및 단체설립에 관한 법률」에 의한 참전군인으로서 참전용사증을 소지한 자 - 「국민기초생활 보장법」에 의한 수급자 - 「산림 보호법 시행규칙」 제39조 제2항 및 제6항에 따라 위촉된 숲 사랑 지도원 및 숲 사랑 지도위원 - 「5·18민주유공자 예우에 관한 법률」 제7조에 따라 등록된 5·18 민주 유공자, 그 유족 - 「특수임무수행자 지원 및 단체 설립에 관한 법률」 제6조에 따라 등록된 특수임무 수행자, 그 유족 -  국군의 날에 입장하는 군인, 어린이날에 입장하는 어린이 -  3자녀 이상 다자녀 가족 중 막내가 12세 미만인 가족 -  병역명문가 - 「국군포로 송환 및 대우 등에 관한 법률 」제15조의3에 따라 국방부에 등록된 등록포로 또는 억류지 출신 포로가족 -  문화가 있는 날인 매달 마지막 주 수요일에 입장하는 자"",https://www.forest.go.kr/"|||||||||
"국빈․외교사절단 및 그 수행자 7세 이하 및 65세 이상인 자(신분증 등 소지자) 순천시에 주소를 둔 8세 이상 13세 이하의 어린이 「장애인복지법」에 따라 등록된 장애인으로 장애인복지카드 소지자.     다만, 「장애인복지법 시행규칙 」별표1에 따른 장애정도가 심한 장애인은 보호자 1명 추가 「국가유공자 등 예우 및 지원에 관한 법률」,「독립유공자 예우에 관한 법률」,「5·18민주유공자 예우에 관한 법률」에 따라 등록된 국가유공자와 그 배우자 및 유족 중 유공자 증서 소지자.    다만, 애국지사와 상이등급 1급, 5.18민주화운동 부상자 중 장해등급 1급에 해당하는 사람의 경우 보호자 1명 추가 「참전유공자 예우 및 단체설립에 관한 법률」,「고엽제후유의증 등 환자지원 및 단체설립에 관한 법률」에 따라 등록된 자 「국민기초생활 보장법」에 의한 수급자로서 3개월 이내 발급한 수급자 증명서를 소지한 자 국군의 날에 입장하는 군인, 어린이날에 입장하는 「아동복지법」에 따른 아동 「순천시 의사상자 예우 및 지원에 관한 조례」에 따른 의사자의 유족 또는 의상자 및 그 가족. 다만, 의상자 중 부상등급이 1급 또는 2급에 해당하는 사람의 경우 보호자 1명 추가 「순천시 3자녀 이상 자녀 출산장려 지원에 관한 조례」에 따른 ""1가구 3자녀 이상 세대증""을 소지한 세대주 및 세대원 「순천시 장기 및 인체조직 등 기증 장려에 관한 조례」에 따른 ""장기 및 인체조직 등 기증등록증""을 소지한 사람 공무 수행, 학술연구를 위한 출입 및 시설 내 행사와 관계된 사람으로서 이를 증명할 수 있을 경우 그 밖에 시장이 관람료를 면제할 필요가 있다고 인정하는 경우,국가유공자 등의 국가정원의 관람료 면제,국가정원 현장,"" 국가정원을 이용하려는 각호의 자에게는 입장료를 면제 - 국빈․외교사절단 및 그 수행자 - 7세 이하 및 65세 이상인 자(신분증 등 소지자) - 순천시에 주소를 둔 8세 이상 13세 이하의 어린이 - 「장애인복지법」에 따라 등록된 장애인으로 장애인복지카드 소지자. 다만, 「장애인복지법 시행규칙 」별표1에 따른 장애정도가 심한 장애인은 보호자 1명 추가 - 「국가유공자 등 예우 및 지원에 관한 법률」,「독립유공자 예우에 관한 법률」,「5·18민주유공자 예우에 관한 법률」에 따라 등록된 국가유공자와 그 배우자 및 유족 중 유공자 증서 소지자. 다만, 애국지사와 상이등급 1급, 5.18민주화운동 부상자 중 장해등급 1급에 해당하는 사람의 경우 보호자 1명 추가 - 「참전유공자 예우 및 단체설립에 관한 법률」,「고엽제후유의증 등 환자지원 및 단체설립에 관한 법률」에 따라 등록된 자 - 「국민기초생활 보장법」에 의한 수급자로서 3개월 이내 발급한 수급자 증명서를 소지한 자 - 국군의 날에 입장하는 군인, 어린이날에 입장하는 「아동복지법」에 따른 아동 - 「순천시 의사상자 예우 및 지원에 관한 조례」에 따른 의사자의 유족 또는 의상자 및 그 가족. 다만, 의상자 중 부상등급이 1급 또는 2급에 해당하는 사람의 경우 보호자 1명 추가 - 「순천시 3자녀 이상 자녀 출산장려 지원에 관한 조례」에 따른 """"1가구 3자녀 이상 세대증""""을 소지한 세대주 및 세대원 - 「순천시 장기 및 인체조직 등 기증 장려에 관한 조례」에 따른 """"장기 및 인체조직 등 기증등록증""""을 소지한 사람 - 공무 수행, 학술연구를 위한 출입 및 시설 내 행사와 관계된 사람으로서 이를 증명할 수 있을 경우 - 그 밖에 시장이 관람료를 면제할 필요가 있다고 인정하는 경우"",-"|||||||||
"「국민기초생활 보장법」에 따른 수급권자 「장애인 복지법」제49조제1항에 따른 장애수당 수급자 「장애인 복지법」제50조제1항에 따른 장애아동수당 수급자 「장애인연금법」제2조제4호에 따른 장애인연금 수급자 「국민기초생활 보장법」제2조제10호에 따른 차상위계층,산림복지서비스이용권(바우처),"" 온라인접수 : 정부24(http://www.gov.kr), 한국산림복지진흥원(http://www.forestcard.or.kr) 우편접수 : 대전광역시 서구 둔산북로 121, 209호(둔산동) 한국산림복지진흥원 산림교육치유팀 이용권 담당자 앞"","" 산림복지서비스제공자로 등록된 아래 시설에서 숙박, 프로그램 이용료, 식비 등으로 사용 - 산림복지단지 - 자연휴양림 - 산림욕장 - 치유의 숲 - 유아숲체험원 - 산림교육센터 - 수목원 - 정원 - 숲속야영장 - 산림레포츠단지"",https://www.gov.kr/mw/aa040offermainfrm.do?capp_biz_cd=pg4cg100003&highctgcd=&fax_type=&img=02"|||||||||
농촌공동아이돌봄센터 - 읍면지역에 소재한 국공립 어린이집 및 사회복지법인 어린이집 중 영유아 현원이 3명 이상 20명 이하인 어린이집 - 어린이집이 없는 지역에 새로 신설하는 경우| 기존에 운영하는 어린이집의 영유아 수가 줄어 20명 이하가 된경우 모두 가능 이동식 놀이교실 - 시·도지사 및 시장·군수가 직접 운영하거나 보육에 관한 전문성| 인력 및 장비를 갖춘 비영리기관·법인·단체에 위탁운영하는 곳|농지보전부담금 감면|해당 지방자치단체방문신청| 요건 해당 시 농지보전부담금 감면|-|||
"소규모 어린이집 운영지원(농촌공동아이돌봄센터) - (지역) 읍면지역 또는 도서지역 - (규모) 영유아 현원이 3~20인 이하인 시설  ㆍ'22년부터는 전년도 1~9월 월별 평균 영유아 현원이 3~20명인 시설 - (심의)「영유아보육법」제11조에 따른 “지방보육정책위원회의 심의결과”를 제출한 시설(해당 도 및 시군이 제출) - (운영) 시장·군수가 직접 운영하거나 위탁운영하는 국공립어린이집 또는 사회복지법인이 운영하는 사회복지법인어린이집 - (기타) 별도의 원장을 두지 않는 분원도 지원대상에 포함되며, 이 경우 분원의 영유아 현원이 3~10인 이하인 경우로 제한 소규모 어린이집 신설지원(농촌공동아이돌봄센터) - (지역) 어린이집(국공립·민간 포함)이 없는 읍면지역 또는 도서지역. 단, 해당지역에 다른 보육시설이 있음에도, 지역 면적이 넓어 실질적으로 다른 보육시설을 이용하는 것이 사회통념상 어려운 경우 지원대상에 포함 - (심의)「영유아보육법」제11조에 따라 해당지역의 영유아 수 현황, 수급계획 등이 포함된 “지방보육정책위원회의 심의결과”를 제출한 도 및 시․군 - (운영) 시장·군수가 직접 운영하거나 위탁운영하는 국공립어린이집 또는 사회복지법인이 운영하는 사회복지법인어린이집 이동식 놀이교실 - (지역) 농촌지역 중 보육시설(국공립·민간 포함)이 없는 읍면지역 또는 도서지역 - (운영) 시·도지사 및 시장·군수가 직접 운영하거나 보육에 관한 전문성, 인력 및 장비를 갖춘 비영리기관·법인·단체에 위탁운영,""농촌 소규모 어린이집 및 이동식 놀이차량 운영 지원 (농촌공동아이돌봄센터, 이동식 놀이교실)"", 신청방법: 읍면 및 시군에 방문하여 신청,"" 소규모 어린이집 지원(농촌공동아이돌봄센터) - 시설비: 개소당 최대 152백만원 지원  · 보육교사 숙박시설 신축비, 어린이집 개보수비, 차량구입비 등 - 운영비: 개소당 최대 1,370만원 지원  · 보육교직원 자기개발비, 프로그램 개발비, 냉난방비 등 이동식 놀이교실 - 운영비: 개소당 최대 152백만원 지원  · 인건비, 프로그램 개발·운영비, 장비 및 기자재 구입비, 차량 임차료, 홍보비 및 기타 운영비"",-"|||||||||
"농촌지역에서 보육에 필요한 전문성, 시설 및 인력을 갖추고 농번기 주말동안 아이돌봄방을 운영하고자 하는 법인ㆍ단체 - 어린이집, 지역농협, 여성농업인센터, 여성농업인종합지원센터, 지역아동센터, 사회복지법인 등,농번기 아이돌봄방 운영 지원,"" 방문, 우편 신청(서울특별시 중앙로 586 5층, 농어촌희망재단)"","" 시설비: 개소당 최대 20백만원 지원 - 리모델링 및 장비, 기자재 구입비 운영비: 개소당 17~26백만원 지원 - 운영기간(4개월~6개월)에 따라 차등지원 - 인건비, 급간식비, 교재교구비 등"",-"|||||||||
"영유아, 청소년, 청년, 노인 등 전 국민 대상,생애주기별 맞춤형 식생활교육 지원,농식품부에서 식생활교육지원센터지정-->사업 추진계획 알림-->연도내 사업비로 사업대상자와 사업비를 확정하고 그에 따라 사업대상자 수시 공고-->신청서를 교육지원센터로 접수받아 지원대상자 선정,"" 영유아 대상 어린이집 식생활교육지원 - 교육교재 보급, 체험비 지원 등  청년층 대상 식생활교육지원 - 대학 학과목 개설사업  취약계층 등 대상 찾아가는 식생활교육 추진"",www.greentable.or.kr"|||||||||
"영유아, 청소년, 청년, 노인, 취약계층 등 각 지역주민,바른 식생활교육 지원(지자체사업),농식품부에서 사업 추진계획 알림-->각 지자체별 사업추진 계획 수립-->세부사업별로 지원대상 공모.선정,"" (식생활교육 관계자) 지역단위 민관협력 워크숍 (초등학교) 바른 식생활교육 창의적 체험활동 또는 방과 후 교실 학습지원 (어린이집, 유치원, 초중고등학교) 농업, 농촌 체험과 연계한 바른 식생활교육 프로그램 (학교교사 및 영양교사) 학교교사, 영양(교)사 및 학교 조리사 식생활교육  (어린이집, 유치원, 초중고등학교) 텃밭 연계 식생활교육 프로그램 (지자체 및 위탁기관 담당자) 지자체 식생활교육 담당자 역량강화 (고령자) 고령자 식생활 건강 개선사업 학교급식 또는 전통음식 활성화와 연계된 바른식생활 교육사업 등"",-"|||||||||
"만 12세 이하 어린이(2021년 기준, 2008. 1. 1. 이후 출생자) - BCG(피내용): 만 5세 미만(생후 59개월 이하)까지 지원(단, 3개월 이상 영유아는 TST검사결과 음성인 경우 지원) - Hib, 폐렴구균: 만 5세 미만(생후 59개월 이하)(단, 고위험군 소아는 만 5세 이상에서도 지원) - A형간염: 2012. 1. 1. 이후 출생자 - 사람유두종바이러스(HPV):'08~'09년 출생한 여성 청소년 - 인플루엔자:2021-2022절기 어린이 인플루엔자 사업 지원 대상 및 사업기간은 2021년 9월 이후 예방접종 도우미 누리집에서 확인※DTaP, IPV, Hib, PCV, IJEV 백신 등은 접종시기가 지연될 경우 접종일정(횟수)이 달라지므로 세부적인 접종일정은 의사와 상담※국가예방접종 지원사업에 포함되지 않은 백신(BCG 경피용, 로타바이러스 감염증 등) 접종비용은 전액 본인 부담,어린이 국가예방접종 지원,주소지 보건소 또는 지정 위탁기관에 방문하여 신청,"" 어린이 감염병 예방을 위해 국가에서 예방접종비용을 전액 지원  - 지원백신: 총 16종   ※ BCG(피내용), B형간염, DTaP(디프테리아·파상풍·백일해), Td(파상풍·디프테리아), Tdap(파상풍·디프테리아·백일해), IPV(폴리오),  DTaP-IPV(디프테리아·파상풍·백일해·폴리오),  DTaP-IPV/Hib(디프테리아·파상풍·백일해·폴리오·b형헤모필루스인플루엔자), Hib(b형헤모필루스인플루엔자), 폐렴구균, MMR(홍역·유행성이하선염·풍진), 수두, 일본뇌염 불활성화 백신, 일본뇌염 약독화 생백신, A형간염, HPV(사람유두종바이러스 감염증) 국가예방접종 지원사업 내용  - 어린이 국가예방접종 지원사업 사업  - B형간염 주산기감염 예방사업  - 건강여성 첫걸음 클리닉사업  - 초·중학교 입학생 예방접종 확인사업 서비스 예방접종 등록서비스 예방접종 안전 관리서비스※ 자세한 내용은 예방접종도우미 누리집(https://nip.kdca.go.kr) 참조"",-"|||||||||
저소득계층(기초생활보장수급자 및 차상위계층| 중위소득 80%미만)| 취학 전 아동|취학전아동 실명 예방|한국실명예방재단에 방문하여 신청| 안과 사전검사 및 수술비 본인 부담금 지원 실명예방재단 등과 같은 기관에 경상 보조를 하고 사업은 산하 재단에서 실시함|-|||
"원칙적으로 ｢다문화가족지원법｣ 제2조제1호에 따른 다문화가족 자녀 중 초등학교 취학 전 만0세~만 5세아, 예외적으로 다음의 아동에 대해서는 지원할 수 있음 -｢다문화가족지원법｣ 제2조제1호에 따른 다문화가족의 결혼이민자(인지 신고 또는 귀화허가를 받은 자 포함)와 국적법 제2조부터 제4조까지의 규정에 따라 대한민국 국적을 취득한 자 사이에서 출생한 자녀가 아닌 전처 또는 전남편과의 사이에서 출생한 자녀의 경우는 다문화 가족과 동일 세대원으로 생계를 같이하는 경우 지원 가능, 다만 대한민국 국적인 아동에 한해 지원 -취학대상(ʼ09. 1. 1~12.31일생) 아동이 취학을 유예하는 경우 만5세아 보육료 재지원 가능(단, 담당자는 취학유예 여부를 확인하여야 함)  (다만, 취학유예로 인한 만5세아 보육료 지원은 1회에 한하며, 이 경우에도 누리공통과정 지원 기간은 총 3년을 초과할 수 없음),다문화 보육료 지원,읍면동 주민센터에 방문하거나 온라인으로 신청,"" 다문화가족 취학전 자녀(연령별 보육료 정부지원단가, 2021년 기준) - 만 0세아 : 484,000원 - 만 1세아 : 426,000원 - 만 2세아 : 353,000원 - 만 3~5세아 : 260,000"",http://www.bokjiro.go.kr"|||||||||
아동양육시설| 공동생활가정| 가정위탁 보호종료 5년 이내 아동 중 다음 사항을 모두 충족하는 경우- lh 매입| 전세 임대주택에 거주중인자(계약완료 후 2달이내 거주 예정인 자 포함)- 재계약을 포함하여 계약 잔여기간이 최소 1년 이상인 자|보호종료아동 주거지원 통합서비스|거주를 원하는 지역의 담당 수행기관에 방문 또는 우편으로 신청 서류 제출| 매월 15~20만원 상당 임대료 실비 지원(지역별 차등지원) 주거환경조성비(1호당 50만원 지원) 사례관리서비스 제공(대상자 1인당 매월 20만원 사례관리비 지원)|-||
"지원 대상은 원칙적으로 장애인복지카드(등록증)를 소지한 미취학 만 12세 이하 장애 아동으로 하되, 예외적으로 다음의 아동에 대해서는 지원할 수 있음 - 장애인 등에 대한 특수교육법 제15조에 따라 특수교육 대상자로 선정된 만 3~5세 아동이 특수교육대상자 진단/평가 결과 통지서를 제출한 경우 - 취학연령이 되었음에도 부득이하게 질병 등의 사유로 일반 초등학교 및 특수학교에 취학하지 못한 장애 아동은 무상보육 대상에 포함(장애인 복지카드를 소지하거나 특수교육 대상자 진단·평가 결과 통지서를 제출한 경우)   · 단, 담당자는 취학유예 여부 확인하여야 하며 특수교육 대상자 진단/평가 결과 통지서 제출자의 경우 만 8세까지 지원 가능) - 만 5세 이하 영유아가 장애소견이 있는 의사 진단서를 제출한 경우 지원 가능(질병 등의 사유로 부득이하게 교육과학기술부로부터 순회교육을 받는 장애 아동이 어린이집을 이용하는 경우 보육료를 지원할 수 있음. 이 경우 순회교육 장소를 어린이집으로 할 수 있도록 조치),장애아 보육료 지원,  방문 신청 : 읍면동 주민센터  ※ 미등록장애아의 경우 방문신청만 가능  온라인 신청 : www.bokjiro.go.kr,"" 장애아반 편성 아동 : 478,000원 만 3~5세 누리장애아반 편성 아동 : 437,000원 비장애아동반 편성 장애 아동 : 시도지사가 고시한 연령별 보육료 수납한도액"",www.bokjiro.go.kr"|||||||||
"아동 연령 기준, 부모의 취업 등 양육 공백, 자녀양육 정부지원 중복금지 기준, 가구 소득기준을 모두 충족한 경우 정부 지원 아동 연령 기준 - 영아종일제(보육교사형 포함) : 생후 3개월 ~ 만 36개월 이하 - 시간제(종합형 포함) : 생후 3개월 이상 ~ 만 12세 이하(A : 2014.1.1. 이후 출생아동, B : 2013.12.31. 이전 출생 아동) 양육 공백 기준 - 한부모가정(한부모로서 취업을 하였거나, 비취업인 경우 장애인 또는 다자녀를 양육하는 경우) - 장애부모 가정(가정에서 아동을 양육하는 부 또는 모가 '장애인복지법 제2조'의 규정에 의한 장애인인 경우 또는 부모 모두 동법에 따른 장애인인 가정) - 맞벌이가정 - 다자녀 가정  · 만 12세 이하 아동 3명 이상  · 만 36개월 이하 아동 2명 이상  · 장애정도가 심한 장애아 자녀를 포함하여 아동 2명 이상 양육(비장애아에게 돌봄 제공)   - 단, 부모 모두 비취업으로 가정에서 아동을 양육하는 경우는 정부 지원 대상 제외  - 기타 양육부담 가정  · 부 또는 모의 입증 가능한 장기 입원 등의 질병 및 상해에 의한 양육 공백   · 부 또는 모가 학교에 재학 중이거나 취업 준비(학원 수강 등 입증할 수 있는 경우에 한함) 중인 경우  · 모(母)의 출산으로 출생 아동의 형제·자매에 돌봄 공백이 발생한 경우, 임신판정일로부터 출산후 90일 범위내에서 총 90일 지원  등 정부지원 소득기준  - 시간제 : 2014.1.1. 이후 출생 아동 중 기준 중위소득 150% 이하 가정, 2013.12.31. 이전 출생 아동 중 기준 중위소득 150% 이하 가정중 소득액에 따라 정부지원 해당유형 결정 - 영아 종일제 : 기준 중위소득 150% 이하 가정중 소득액에 따라 정부지원 해당유형 판정,아이돌봄 서비스, 방문 신청 : 읍면동 주민센터에 정부 지원 신청 및 소득 유형 결정 후 지역 서비스 제공 기관에 서비스 연계 신청 온라인 신청 : 복지로를 통한 신청은 맞벌이 부부 및 한 부모 가족 지원법에 의해 등록된 법정 한 부모 가정 중 부부 모두 직장보험 가입자인 경우에만 공인인증서를 통해 온라인 신청 가능 문의처 - 홈페이지 이용문의 (1577-8136) - 서비스제공기관 연결 (1577-2514),"" 기준 중위소득 150% 이하의 가정을 대상으로 지원하되, 다음과 같이 소득수준에 따라 차등지원   ※ 한부모가정, 장애부모가정, 장애아동가정은 '가형'의 경우 추가 지원함 - 시간제 아이돌봄 : 기준 중위소득 150% 이하 가정 (소득수준에 따라 차등 지원)  ※ A형 : '14.1.1. 이후 출생 아동 / B형 : '13.12.31. 이전 출생 아동   · 가형(기준 중위소득 75% 이하) : A형 시간당 8,534원 지원, B형 7,530원 지원   · 나형(기준 중위소득 120% 이하) : A형 시간당 6,024원 지원, B형 2,008원 지원   · 다형(기준 중위소득 150% 이하) : A형 시간당 1,506원 지원, B형 1,506원 지원  - 영아 종일제 아이돌봄 : 기준 중위소득 150% 이하 가정 (소득수준에 따라 차등 지원)   · 가형(기준 중위소득 75% 이하) : A형 시간당 8,534원 지원   · 나형(기준 중위소득 120% 이하) : A형 시간당 6,024원 지원   · 다형(기준 중위소득 150% 이하) : A형 시간당 1,506원 지원 - 소득기준 금액(4인 가족 월소득 기준) : 가구 소득은 건강보험료 본인 부담금 고지액을 기준으로 산정(건강보험 미가입 사업장에 취업한 사람의 소득은 별도 파악)   · 기준 중위소득 75% : 3,657,218원   · 기준 중위소득 120% : 5,851,548원   · 기준 중위소득 150% : 7,314,435원"",http://www.idolbom.go.kr"|||||||||
아동복지시설| 가정위탁 보호종료 3년 이내 아동 중 다음 사항에 모두 해상하는 경우- 보호종료일로부터 과거 2년 이상 연속하여 보호를 받은 아동- 만18세 이후 만기 보호종료 또는 연장 보호종료된 아동(단| '17년 5월 이후 보호종료자에 한함)|보호종료아동 자립수당 지급|주민등록상 읍면동 행정복지센터 방문 신청| 1인당 월 30만원 지원(2019.4월~12월 시범사업)|-|||
"건강상태가 양호한 분 중 - 대한민국 재향경우회 회원, 군・소방・교정・학교 등의 시설에서 근무한 경험이 있거나, 아동・청소년 관련 분야 경력이 있는 대한노인회 회원 - 그 밖에 아동범죄 예방을 위한 봉사에 열의가 있고 직무능력을 겸비한 사람 결격 사유 : 범죄경력 또는 치안보조 활동에 부적절하다고 판단되는 사람 - 아동복지법 시행령 별표 7에 따른 범죄 경력 있는 사람 - 청소년보호법 제2조제5호에 따른 청소년 유해업소의 운영자 및 종사자 - 국가, 지방자치단체, 공공기관 등에서 시행하는 다른 일자리사업에 참여하고 있는 사람 - 그 밖에 지역 내 여론 등을 고려할 때 아동안전 보호인력으로서 부적저하다고 판단되는 사람은 결격사유에 해당,아동안전지킴이,경찰관서 방문 신청,"" ‘은퇴한 노인전문인력을 선발’하는 사업 특성 상 ‘노인 일자리 창출’ 사업으로 부각되고 있으며, 아동안전 보호활동(자원봉사)에 대한 실비(활동비)를 지급, ‘노인 빈곤율’ 개선 등 노인활동 지원 - 489,630원 : '20년 최저임금 8,590원 × 일 3시간 × 19일 "",-"|||||||||
"<기존주택 전세임대주택 지원사업> 일반공급(저소득층) : 입주자 선정기준일에 해당 사업대상지역에 주민등록이 등재된 무주택세대구성원 (1순위) 생계·의료급여 수급자, 한부모가정, 수급권자 또는 차상위계층 중 최저주거기준 미달이거나 소득대비월세 비율이 30%이상인 자, 장애인등록증이 교부된 자(이하 장애인) 중 도시근로자 소득 70% 이하(영구임대 자산기준 충족) (2순위) 도시근로자 소득 50%이하(영구임대 자산기준 충족), 도시근로자 소득 이하인 장애인(영구임대 자산기준 충족)  우선공급(공급물량의 5% 이내) - 시장 등이 긴급히 주거지원이 필요하다고 인정하는 부도공임퇴거자 - 기금대출 및 보증발급이 거절된 도시근로자 월평균 소득(이하 도시근로자 소득)의 50%이하인 무주택세대구성원(공임 한정) - 수급권자 또는 차상위계층 중 최저주거기준 미달하고 소득대비월세 비율이 30%이상인 자  우선공급(공급물량의 2% 이내)  - 국가유공자(유족), 민주유공자(유족), 특수임무유공자(유족), 참전유공자 중 도시근로자 소득의 70% 이하(영구임대 자산기준 충족) 긴급지원 - 긴급지원대상자로 선정된 사람 중 시장등이 주거지원이 필요하다고 인정하여 시행자에게 통보한 자 - 일반공급 1순위자 중 시장 등이 주거지원이 시급하다고 판단하는 자 - 공공임대주태사업을 위해 주택의 대금을 10년이상 매월 분할하여 지급받고 주택을 매도 2년 이내인 월평균소득 이하인 자 - 재해구호법 등에 따른 이재민 등 지자체장이 긴급히 주거지원이 필요하다고 인정하는 자 그룹홈공동생활가정 운영기관(장애인, 보호아동, 노인, 한부모, 성·가정폭력 피해자, 탈성매매여성, 가출청소년, 갱생보호자, 아동복지시설퇴소자, 북한이탈주민, 노숙인 등) 청년 (대학생, 취업준비생, 19∼39세) - 해당대학 소재지 이외의 시·군 또는 해당 대학 소재지 시·군 안에서 교량 등으로 연륙되지 않은 섬지역 출신 대학생 및 대학 또는 졸업하거나 중퇴한 후 2년 이내인 사람(취업준비생)  (1순위) 타지역 출신으로 일반공급 1순위 가구의 청년  (2순위) 타지역 출신으로 본인과 부모의 도시근로자 소득 100%(장애인 150%) 이하(행복주택 대학생 자산기준 충족)  (3순위) 타지역 출신으로 본인과 부모의 도시근로자 소득 100%(장애인 150%) 이하(행복주택 대학생 자산기준 충족)  (4순위) 본인의 도시근로자 소득 80%(세대원이 있는 세대주인 경우 세대 100%) 이하(행복주택 청년 자산기준 충족) 신혼부부 (혼인7년이내, 예비부부, 6세이하 자녀를 둔 한부모가족) ( 신혼Ⅰ) 도시근로자 소득 70%(맞벌이 90%) 이하인 자(국민임대 자산기준 충족) - 유자녀 1순위, 무자녀 및 예비부부 2순위  ( 신혼Ⅱ) 도시근로자 소득 100%(맞벌이 120%) 이하인 자(행복주택 신혼부부 자산기준 충족) - 유자녀 1순위, 무자녀 및 예비부부 2순위<소년소녀가정 등 전세주택 지원사업 지원대상> 소년소녀가정, 교통사고유자녀가정(교통안전공단 추천), 대리양육가정, 친인척위탁가정, 아동복지시설 퇴소자 중 월평균소득 100% 이하인 무주택세대구성원<주거취약계층 주거지원사업 전세임대주택 지원대상> 쪽방, 고시원, 여인숙, 비닐하우스, 노숙인시설, 컨테이너 등에 3개월 이상 거주하는 사람 또는 법무부장관이 통보한 범죄피해자 중 해당 무주택세대구성원으로 월평균소득 50% 이하(영구임대주택 자산 기준 이하)인 자,기존주택 전세임대주택 지원사업,""방문, 인터넷"", 저소득계층이 거주를 원하는 기존주택을 선정하고 공공사업자가 기존주택 소유자와 전세계약을 체결후 저렴하게 재임대,https://apply.lh.or.kr/"|||||||||
"돌봄이 필요한 만 6~12세 아동에게 지원(소득수준 무관),다함께 돌봄,""다함께 돌봄센터를 설치/운영하는 지자체에 문의(전화, 방문, 온라인) 후 신청"","" 상시,일시,돌봄,방과후 프로그램 연계, 등/하원지원, 정보제공 등 다양한 형태의 지역 맞춤형 돌봄 서비스를 제공※ 지자체별 서비스 운영방식이 상이함으로 문의 바랍니다."",https://www.gov.kr/mw/allDayCareNotice.do"|||||||||
"소득기준과 가구원특성기준을 모두 충족하는 가구- 소득기준 : '국민기초생활보장법'에 따른 생계급여 또는 의료급여 수급자- 가구원특성기준 : 주민등록표상의 수급자(본인) 또는 세대원이 다음 어느 하나에 해당하는 경우〮 노인 : 주민등록기준 1956.12.31 이전 출생자〮 영유아 : 주민등록기준 2015.01.01 이후 출생자〮 장애인 : '장애인복지법'에 따라 등록된 장애인〮 임산부 : 임신 중이거나 분만 후 6개월 미만인 여성〮 중증질환자, 희귀질환자, 중증난치질환자 : 국민건강보험법 시행령에 따른「본인일부부담금 산정특례에 관한 기준」 [별표3],[별표4],[별표4의2]를 가진 사람〮 한부모가족 : '한부모가족지원법' 제4조에 따른 '모' 또는 '부'로서 아동인 자녀를 양육하는 사람〮 소년소녀가정 : 보건복지부에서 정한 아동분야 사업 중 소년소녀가정 지원 대상에 해당하는 사람('아동복지법' 제3조에 의한 가정위탁보호 아동을 포함),에너지바우처,"" 방문신청 : 주민등록상 거주지 읍·면사무소, 동 주민센터 방문하여 수급자 본인 또는 대리인 신청 직권신청 : 담당공무원이 전화 등을 통해 대상자의 동의를 얻어 직권신청 가능                        * 거동이 불편하신 분 등은 문의온라인 신청 : 복지로(online.bokjiro.go.kr)에서 신청 가능"","" 가구원 수를 고려하여 가구당 금액을 차등 지급 - 1인 가구 : 여름 7,000원 + 겨울 89,500원 - 2인 가구 : 여름 10,000원 + 겨울 126,500원 - 3인 가구 : 여름 15,000원 + 겨울 155,500원 - 4인 이상 가구 : 여름 15,000원 + 겨울 176,000원"",http://online.bokjiro.go.kr/"|||||||||
"임신부 또는 출생 사실 확인된 영유아,표준 모자보건수첩 제공,""보건소 또는 의료기관(산부인과, 소아청소년과), 읍면동 주민센터(점자수첩), 다문화지원센터(다국어수첩)  방문"", 임산부수첩 및 아기수첩 제공,-"|||||||||
"광역 정신건강복지센터 : 2018년 말 기준 전국 시도 단위에 16개소(세종 미설치) 운영 기초 정신건강복지센터 :  2018년말 기준 전국 시군구 단위에 227개소 운영 - 인구 20만 미만 시·군·구：1개소 - 인구 20만 이상 시·군·구 : 2개소 이상 설치 가능하며,  - 추가 설치 기준은 인구 20만 명당 1개소  · 적용 예시：40만 명 2개소까지, 60만 명 3개소까지 설치 가능 정신건강복지센터 이용대상 : 중증 정신질환자를 포함한 해당 지역 주민 센터 수행사업  - 자살예방 및 지역 정신건강증진사업  - 아동·청소년 정신건강증진사업 아동·청소년 정신보건 사업 대상자 - 지역 내 만 18세 이하 아동·청소년(미취학 아동 포함) - 지역사회 내 취약계층 아동·청소년(북한 이탈 주민, 다문화가정, 조손가정, 한 부모 가정, 청소년쉼터(가출 청소년 일시보호소), 공동생활 가정, 아동복지시설 아동·청소년 등) - 아동·청소년 정신건강 관계자(부모, 교사, 시설 종사자 등) 자살예방 및 지역 정신건강증진사업 대상자 : 지역사회 주민이면 누구나 이용 가능 통합정신건강증진사업 : 2012년부터 시범사업으로 광주광역시 광역정신건강증진센터와 기초센터 5개소 등 통합운영 - 기존 정신건강증진사업 및 자살예방 관련 시범 선도사업 운영,정신건강복지센터 운영 지원,해당 지역 정신건강복지센터에 전화 또는 방문,"" 정신과적 상담, 정신질환자 사례관리 등 정신건강 서비스"",-"|||||||||
"소득이 가구원수별 기준 중위소득 100% 이하이고 만 18세 미만의 초등학교 및 중학교에 재학중인 아동을 지원,지역아동센터 지원,읍면동 주민센터 또는 거주지 지역아동센터에 신청,"" 아동보호(안전한 보호, 급식), 교육 기능(일상생활지도, 학습능력 제고 등), 정서적 지원(상담, 가족지원), 문화서비스(체험활동, 공연) 등으로 지역사회 내 아동 돌봄에 대한 사전예방적 기능 및 사후연계 제공"",https://www.gov.kr/mw/allDayCareNotice.do"|||||||||
"방문 한국어교육서비스 : 최초 입국 5년 이하 결혼이민자, 중도입국자녀  ※ 중도입국 자녀는 외국에서 태어나 성장하다가 부모의 재혼에 따른 신분상의 변화로 부모를 따라 동반 입국하는 국제결혼 재혼가정 자녀로 한정함 방문 부모교육서비스 : 생애주기별 각 1회 지원(최대 18개월, 총 3회 지원)    ① 임신·출산·영아기(임신 중~생후 12개월 이하)    ② 유아기(12개월 초과~48개월 이하)    ③ 아동기(48개월 초과~만 12세 이하) 자녀생활서비스 : 만 3세~만 12세 이하 다문화가족 자녀, 중도입국자녀 - 초등학교에 재학 중인 아동의 경우 만 12세를 초과하여도 사업대상에 포함  ※ 서비스 지원이 어렵다고 판단되는 장애아동의 경우, 외부 전문기관으로 연계    ※ 대기자가 많은 지역의 경우, 만 5세 이상 우선 지원,다문화가족 방문교육서비스,다문화가족지원센터를 방문하여 신청문의처 : 다누리콜센터(1577-1366),"" 한국어교육서비스 : 생활언어를 익히고 문화를 이해할 수 있도록 체계적, 단계적 한국어교육서비스 제공(1~4단계) 부모교육서비스 - 부모 성장, 부모 자녀 관계 형성, 영양 및 건강관리, 학교, 가정생활지도 - 생애 주기별 3회 서비스 지원(임신·출산·영아기, 유아기, 아동기) 자녀생활 서비스 : 독서코칭, 발표 토론, 숙제지도, 기본 생활습관, 건강 및 안전, 가정생활, 진로지도 등"",-"|||||||||
"게임 과몰입 상담 및 치유가 필요한 아동, 청소년 및 성인 게임과몰입힐링센터 이용자는 상담 및 치유 관련 연간 최대 60만원까지 지원(단, 운영책임자의 결정에 따라 추가 지원 가능) 게임 과몰입 예방, 상담, 진단, 치유 단계별 진행 게임과몰입 문화예술(음악체육) 치유 프로그램 지원,게임 과몰입 치유 프로그램 지원 사업,"" 거주지 부근 게임과몰입힐링센터 대표번호로 연락하여 상담 및 진료 일정 예약 권역별 게임 과몰입 힐링센터 운영 현황 - 허브센터 수도권 게임과몰입힐링센터(중앙대학교병원 / 02-6299-3877)  · 주소 : 서울시 동작구 흑석로 102(흑석동 224-1) 중앙대학교병원 다정관 1층  · 운영시간 : 월～금(토, 일, 공휴일 휴무) 09:00～17:00  · 홈페이지 : http://www.game-clinic.org/  - 경북권 게임과몰입힐링센터(대구가톨릭대학교병원 / 053-650-4759)  · 주소 : 대구광역시 남구 두류공원로17길 33 대구가톨릭대학교 병원 라파엘관 2층  · 운영시간 : 월～금(토, 일, 공휴일 휴무) 09:00～18:00  · 홈페이지 : http://www.dcwee.co.kr/business/business5.html - 전라권 게임과몰입힐링센터(국립나주병원 / 061-330-7743)  · 주소 : 전남 나주시 산포면 세남로 1328-31, 국립나주병원 별관 2층  · 운영시간 : 월～금(토, 일, 공휴일 휴무) 08:30～17:30 - 충청권 게임과몰입힐링센터(건국대학교 충주병원 / 043-840-8997)  · 주소 : 충북 충주시 국원대로 82 (교현2동 620-5)건대 충주병원 별관 5층  · 운영시간 : 월～금(토, 일, 공휴일 휴무) 09:00～18:00 - 수도권 게임과몰입힐링센터(푸르메재단 넥슨어린이재활병원 / 02-6070-9193)  · 주소 : 서울특별시 마포구 월드컵북로 494(상암동 1738) 4층  · 운영시간 : 월～금(토, 일, 공휴일 휴무) 09:00～18:00, 점심시간 12:00~13:00  · 홈페이지 : http://www.purmehospital.org/"","" 게임 과몰입 상담 및 치유가 필요한 아동, 청소년 및 성인을 대상으로 예방, 상담, 진단, 치유 및 문화예술(음악/체육) 프로그램 지원"",http://gameinfo.or.kr"|||||||||
환경성 질환을 앓고 있는 아동 및 그 가족| 취약계층|  환경성 질환 관심가족|환경성 질환 어린이 건강나누리 캠프 지원| 신청방법(온라인 신청)   - 국립공원 예약시스템 (https://reservation.knps.or.kr)에서 신청| 아토피 피부염 등 환경성 질환에 대한 예방관리 교육 알레르기 반응 검사 부모와 아이가 함께하는 나만의 친환경 가방 만들기 국립공원의 맑은 공기와 자연을 만끽하는 둘레길 탐방 등 자연체험|https://reservation.knps.or.kr|||
"(법적취약계층) 저소득층 아동, 노인, 다문화가정, 장애인 등 (사회적 약자) 위기청소년, 임산부, 미혼모 등,사회 취약계층 생태체험 기회 제공 등 지원,사회복지시설 등을 통해 국립공원관리공단 지역 사무소에 유선으로 신청,"" 생태관광 프로그램 제공(46종)  - 국립공원 등 생태 우수지역 방문을 통한 생태체험 기회 제공 교통약자를 위한 휠체어 제작, 배부  - 무등산 등 20개소 28개 제작 배부 다문화 자연환경해설사 양성  - 중국 등 9명 양성 배치(경주 등) 시각장애인을 위한 점자책 제작, 배부 - 맹학교, 점자도서관 등 53개소 900부 배부 국립공원 수학여행 참가비 지원 - 저소득층 아동, 학교장 추천 아동 등 수학여행 사각지대에 놓인 아동에게 자연체험 위주의 국립공원 소규모 테마형 수학여행 참여 기회 제공※ 최대 20만 원/인(1개 반 기준 5명까지 지원) 수혜자 확대 - 새터민, 선도시설 수용자(소년원 등), 사회성 질환자 등 더 많은 소외계층 참여를 위한 수혜 대상자 확대"",-"|||||||||
"연령 기준 - 어린이집을 이용하는 만 0-5세 아동  · 만 0세아 : '21.1.1 이후 출생 아동   · 만 1세아 : '20.1.1~ '20.12.31   · 만 2세아 : '19.1.1~ '19.12.31   · 만 3세아 : '18.1.1~ '18.12.31   · 만 4세아 : '17.1.1~ '17.12.31   · 만 5세아 : '16.1.1~ '16.12.31 (취학유예 아동일 경우 '15.1.1~'15.12.31)  - 단, 유아교육법 제24조 및 동법 시행령 제29조에 따라 유치원과 어린이집 등에서 누리과정을 제공 받는 유아에 대한 무상보육 기간은 3년을 초과할 수 없음('15.3.1일 이후 지원 이력(취학유예, 연기자 및 조기입학자 지원 기간 포함)부터 적용),만 0~5세 보육료 지원,읍면동 주민센터에 방문하거나 온라인으로 신청,"" 2021년 지원 단가(월기준) - 만 0세아 : 484,000원 - 만 1세아 : 426,000원 - 만 2세아 : 353,000원 - 만 3 ~ 5세아 : 260,000원"",http://online.bokjiro.go.kr/"|||||||||
"지원 대상  - 차상위 이하(법정 저소득층 포함) 및 장애 아동에 해당하는 만 12세 이하 취학아동 중 방과 후에 어린이집을 일일 4시간 이상 이용하는 아동 [참고] 차상위 이하(법정 저소득층 포함) 기준 1. 국민기초생활보장법 제7조 제1항에 따른 기초생활보장급여(생계, 주거, 의료, 교육, 해산, 장제, 자활)의 수급자(제14조의 2에 따른 특례수급권자 포함)2. ｢한부모가족지원법｣에 따른 지원대상자로 선정된 한부모 가정3. 아동복지법 제52조에 의한 아동복지시설에서 생활 중인 아동4. 여성폭력피해자 보호시설(가정, 성폭력), 성매매피해자 지원시설에 입소한 여성의 동반자녀(재소 증빙서 징구 필요)5.  모･부자(일시)보호시설 등에 입소한 자의 동반자녀 등6.  미혼모자 공동생활 가정에 입소한 자의 동반 자녀(재소 증빙서 징구 필요)7.  국민기초생활보장법 제2조제10호 및 동법 시행령 제3조에 따른 차상위계층의 자녀,방과후보육료 지원,읍면동 주민센터에 방문하여 신청,"" 일반 아동 : 월 10만 원(일일 4시간 미만 이용 시 미지원) 장애 아동  - 교사 때 아동 비율을 1:3으로 반을 편성하고, 방과 후 및 장애아 보육 보수교육과정을 이수한 교사를 별도 배치하여 보육할 경우 - 장애아 방과 후 보육료 : 장애아 보육료의 50%(232,000원)(국비+지방비) (단, 6개월 이내에 방과 후 및 장애아 보수교육과정 이수를 전제로, 방과 후 및 장애아 보육 보수교육과정을 이수한 교사를 별도 배치한 것으로 봄) - 교사 때 아동 비율(1:3)을 준수하지 않거나 방과 후 및 장애아 보육 보수교육과정을 이수한 교사를 배치하지 않은 경우 정부 지원시설의 경우 월 10만 원, 정부미 지원시설의 경우 시·도지사가 정한 만 5세 아 보육료 수납한도액의 50% 지원 방학기간 종일제 보육을 실시한 경우 지원 단가 - 월 20만 원(지방 교육재정 교부금+지방비), 이용 일자에 따라 일할 계산하여 지원(예, 10일 이용 시, 지원 단가 10/26 지급) - 장애 아동은 장애아 보육료 100% 지원(국비+지방비), 이용 일자에 따라 일할 계산하여 지원(예, 10일 이용 시, 지원 단가 10/26 지급)"",http://www.bokjiro.go.kr"|||||||||
"어린이집, 유치원(특수학교 유치원과정 포함), 종일제 아이돌봄 서비스 등을 이용하지 않는 취학 전 가정양육 영유아(취학전 최대  86개월 미만) 소득 인정액 기준 없음,가정양육수당,읍면동 주민센터에 방문하거나 온라인으로 신청,"" 취학 전 가정양육 영유아 대상 월 10~20만원 지원(최대 86개월) - [양육수당] (0~12개월 미만) 20만원, (12~24개월 미만) 15만원, (24~86개월 미만) 10만원 - [장애아동 양육수당] (0~36개월 미만) 20만원, (36~86개월 미만) 10만원 - [농어촌아동 양육수당] 연령별로 10~20만원"",https://www.gov.kr/mw/AA040OfferMainFrm.do?capp_biz_cd=PG4CG100008&HighCtgCD=&FAX_TYPE=&img=02"|||||||||
"그 밖의 연장형 보육료 지원 대상은 만 0세～2세 연장보육료, 만 3~5세 누리과정 보육료, 다문화 보육료 및 장애아 보육료(취학 전) 지원 아동을 원칙으로 함. - 다만, 만 12세 이하 취학아동 중 법정 저소득층과 장애아동(복지카드소지자)에 대해서는 야간 연장 보육료에 한하여 지원 가능 야간12시간 보육료, 24시간 보육료는 24시간 지정 어린이집을 이용하는 경우만 지원 가능 기타 기준 : 원장 겸 교사의 자녀에 대해서는 시간 연장형 보육료를 지원하지 않음,그 밖의 연장형 보육료 지원,시간연장보육 최초 이용 전까지 시간연장보육신청서를 해당 어린이집에 제출,"" 야간 연장 보육료 - 야간연장 보육료는 매월 지원한도액 : 60시간 - 보육시간 : 기준 시간 초과(19:30~24:00), 토요일(15:30~24:00) - 보육료  · 시간당 일반 아동 : 3,200원  · 장애 아동 : 4,200원(연령에 관계없이 동일) ※ 아침저녁 급식비는 기타 필요경비 지침에 따라 수납 가능 야간12시간 보육료 - 보육시간 : 19:30~익일 07:30 - 주간에 어린이집을 이용하지 않는 아동이 야간에 이용하는 경우에만 야간 보육료 지원 가능함 - 지원 단가  · 만 0세 : 470천 원  · 만 1세 : 414천 원  · 만 2세 : 343천 원  · 만 3세 이상 : 240천 원 24시간 보육료 - 2010년 3월부터는 24시간 지정 어린이집에서만 24시간 보육을 할 수 있으며, 24시간 보육료의 지원이 가능함 - 지원 대상 : 부모가 야간에 경제활동에 종사하는 가정, 한 부모 또는 조손가정 등의 아동으로 주간 보육도 이용하고 야간 보육이 불가피하다고 판단되는 아동에 대해 24시간 보육료 지원 - 지원 단가  · 만 0세 : 705천원  · 만 1세 : 621천원  · 만 2세 : 514.5천원  · 만 3세 이상 : 360천원 휴일(토요일 제외) 보육료 - 기준단가 : 정부 지원 일 보육료 × 150% 지원(지정시설은 100% 지원)  · 일 보육료 : 정부 지원 단가 × 휴일보육일 수/26일(보육 가능일 수로 공휴일 제외)"",http://www.bokjiro.go.kr"|||||||||
"입양특례법상 허가를 받은 입양기관에 의해, 같은 법의 요건과 절차를 갖춰 장애 아동을 국내 입양한 가정 입양특례법상 허가를 받은 입양기관에 의해 같은 법의 요건과 절차를 갖춰 입양한 국내 가정,장애아동입양 양육보조금, 읍면동 주민센터를 방문하여 신청,"" 중증 장애 입양아동 : 월 627,000원 경증 장애(등) 입양아동 : 월 551,000원 - 분만 시 조산/체중 미달/분만 장애 또는 유전 등으로 입양 당시 질환을 앓고 있는 아동 포함 (완치 시 지급 중단) 동 사업은 복권기금에서 지원 -복권기금 : 2004년 제정된 복권 및 복권기금법에 따라 복권사업으로 조성된 재원을 투명하고 효율적으로 관리, 사용하기 위해 설치한 기금(사용처 : 법정배분사업 35%, 공익사업 65%)"",-"|||||||||
"입양특례법상 허가를 받은 입양기관에 의해 같은 법의 요건과 절차를 갖춰 국내 입양한 가정 - 입양아동이 만 17세가 될 때까지,입양아동 양육수당 지원, 읍/면/동을 방문하여 신청,"" 월 15만 원의 양육수당 지급 동 사업은 복권기금에서 지원 - 복권기금 : 2004년 제정된 복권 및 복권기금법에 따라 복권사업으로 조성된 재원을 투명하고 효율적으로 관리, 사용하기 위해 설치한 기금(사용처 : 법정배분사업 35%, 공익사업 65%)"",-"|||||||||
보호대상 아동   - 18세 미만의 아동양육시설| 가정위탁| 공동생활가정| 소년소녀가정| 장애인 생활시설 아동   기초수급가구 아동   - 중위소득 40% 소득 수준(생계| 의료)의 아동 중 매년 만12~17세 아동이 신규가입 대상  - 가입하여 만18세까지 지원|아동발달지원계좌(디딤씨앗통장) 지원|읍면동 주민센터에 방문하거나 온라인으로 신청| 기본 매칭 적립 : 대상 아동이 디딤씨앗통장에 적립하면 국가(지자체)가 1:1 매칭펀드로 월 5만 원 내에서 지원 추가 적립액 : 정부지원 최고한도 5만 원 적립 후 월 45만 원 내에서 추가 적립 가능|http://online.bokjiro.go.kr/
"지원 대상- 0세(임산부)～만 12세(초등학생 이하)의 취약계층* 아동 및 가족(만 12세 이상 아동 중 초등학교 재학 아동 포함) * 국민 기초 생활 보장 수급자 및 차상위계층 등 가구의 0~12세 이하 아동 및 가족 연령 기준 - 0~12세(13세 초과 아동 중 초등학교 재학 아동은 포함),드림스타트,시군구 드림스타트 문의 또는 방문,"" 기본 서비스 - 가정방문을 통한 서비스 대상 아동 및 부모와 주기적 면담 실시 필수 서비스 - 아동의 전인적 발달을 지원하기 위해 아동발달 영역별* 필수적인 프로그램** 제공  * 임산부, 영아, 유아, 초등 저학년, 초등 고학년  ** 건강검진, 예방접종, 영양교육, 자녀발달 및 양육교육, 산전 및 산후 검진 등 맞춤 서비스 - 사정 결과에 따라 대상자별 맞춤형 서비스로 기본서비스, 필수서비스 이외에 제공되는 서비스  * 학습지원, 치과진료, 문화체험, 언어발달 및 심리지원서비스 등"",-"|||||||||
"장애 아동 양육보조금 지급 대상자로 결정된 아동 입양특례법상 허가를 받은 입양기관에 의해 같은 법의 요건과 절차를 갖춰 장애 아동을 국내 입양한 가정,장애입양아동 의료비 지원, 읍면동을 방문하여 신청,"" 연간 260만 원 한도 내에서 본인이 부담한 진료 상담 재활 및 치료(심리치료 포함)에 소요되는 비용(급여 및 비급여 부분 포함) - 본인 부담금(시행령 제7조 제2항 제2호) - 의료급여법 제7조 제1항 및 제12조에 따른 의료급여 또는 요양비에 대한 본인 부담금 - 국민건강보험법 제41조 제1항 및 제49조에 따른 요양급여 또는 요양비에 대한 본인 부담금 - 사회복지사업법, 장애인복지법, 정신보건법 등 다른 법령에 따라 제공되는 진료, 상담, 재활 및 치료에 드는 비용 중 본인 부담금 - 장애인 보조기구에 대한 의료비 청구도 포함(’13.1.1부터 적용). 다만, 장애인 보조기구에 대한 의료비 지원액은 연간 의료비 지원 한도액의 50% 이내로 함 - 장애인 보조기구 : 장애인 보조기구 품목 지정 등에 관한 규정(별표 1, 2) 준용 - 동 사업은 복권기금에서 지원  ㆍ 복권기금 : 2004년 제정된 복권 및 복권기금법에 따라 복권사업으로 조성된 재원을 투명하고 효율적으로 관리, 사용하기 위해 설치한 기금(사용처 : 법정배분사업 35%, 공익사업 65%)"",-"|||||||||
"비양육부모에게서 양육비를 지급받지 못하면서 아동을 양육하고 있는 이혼가족, 미혼모·부 가족 등 한부모가족 및 조손가족,양육비 이행지원 서비스 제공,"" 방문, 전화, 온라인 신청 - 양육비 관련 상담 - 전 배우자 등에 대한 소득, 재산조사 - 양육비 청구 소송 등 법률 지원 - 양육비 이행 강제 - 제재 조치 및 지속적 모니터링"","" 양육비 관련, 상담에서 협의, 소송 및 추심, 양육비 이행 및 모니터링, 자녀 인지 청구 소송 등"",www.childsupport.or.kr"|||||||||
"기준 중위소득 180% 이하 가구 영유아 - 다자녀(2명 이상) 가구의 영유아는 소득수준 관계없이 지원 가능,선천성 난청검사 및 보청기 지원,주소지 보건소에 방문하여 신청,"" (검사비 지원) 신생아 난청 외래 선별검사비 및 확진검사비의 (일부)본인부담금 지원 (보청기 지원) 만 3세(36개월) 미만 난청 환아 대상 보청기 1개 지원(131만원 한도, 장애등급을 받은 환아 제외)"",-"|||||||||
"임신ㆍ출산(유산ㆍ사산 포함)이 확인된 건강보험 가입자 또는 피부양자로서 임신ㆍ출산 진료비 지원을 신청한 자(만1세미만 영유아의 법정대리인 포함)  * 제외대상자 : (의료급여법)에 따라 의료급여를 받는자(수급권자), 건강보험 적용배제 신청자, 건강보험 자격상실자, 급여정지자,건강보험 임신출산 진료비 지원,""(1단계) 임신·출산 확인 : ‘건강보험 임신·출산 진료비 지급 신청서’의 임신·출산 확인란에 서면 또는 온라인으로 산부인과 전문의의 확인을 받음(2단계) 이용권 신청  서면으로 임신·출산 확인을 받은 경우(방문, 공단 홈페이지)   - 공단 지사 또는 전담 금융기관에 방문하여 신청하거나 공단 홈페이지에 관련 내용을 입력하고 신청서를 업로드하여 신청  온라인으로 임신·출산 확인을 받은 경우(방문, 전화, 홈페이지, 앱)   - 방문 : 공단 지사 또는 전담 금융기관   - 전화 : 공단 지사 및 고객센터, 전담 금융기관(삼성카드, 롯데카드, BC카드 회원사 일부)    - 홈페이지 : 공단, 전담 금융기관   ※공단 승인심사 후 카드발급 진행되므로 방문신청보다 2~3일 이상 더 소요될 수 있음.   - 스마트폰 애플리케이션(M건강보험 앱>민원서비스>보험급여>임신출산진료비지원 / BC카드,삼성카드,롯데카드 앱)[전담접수처](공단 고객센터 1577-1000)(BC카드) (은행) 우리, 기업, 농협, 수협, SC은행, 대구, 부산, 경남, 제주, 광주, 전북, 우체국((농협)1644-4000 (대구은행)1566-5050 (부산은행)1588-6200 (우체국)1599-1900 (우리카드)1588-9955)(삼성카드 1566-3336) 새마을금고, 삼성카드지점, 신세계 또는 세이백화점 고객서비스센터(롯데카드 1899-4282) 롯데백화점 카드센터, 롯데카드 지점[홈페이지접수처](공단) www.nhis.or.kr>사이버민원센터>보험급여>임신출산 진료비 온라인신청(BC카드) www.bccard.com(삼성카드) www.samsungcard.com(롯데카드) www.lottecard.com※ 분만취약지 추가 지급 신청   (내국인) 별도의 서류 제출 없이 공단의 전산자료 확인하여 지급  (외국인) ‘건강보험 임신·출산 진료비 추가 지급 신청서’와 ‘외국인 등록사실증명서를 공단 지사에 제출(방문, 우편, 팩스)"","" 지원내용 - 임신 1회당 60만원(다태아 임신부의 경우 100만원)  * 분만취약지의 경우 20만원 추가지원(일태아 80만원, 다태아 120만원) 지원기간 - 신청일부터 출산일(분만예정일)후 1년까지, 1세미만 아동 의료비도 포함.  * 국민행복카드 선발급 후 바우처 신청한 경우, “포인트 생성일”부터 이용  * 법적근거 : 법 제50조(부가급여), 시행령 제23조, 시행규칙 제24조 제25조  * 사용기간 내 사용하지 않은 지원금은 자동으로 소멸  지원범위 - 임산부가 모든요양기관(한의원 포함)에서 임신·출산과 관련하여 진료 받은 급여, 비급여 비용 중 실제 본인이 부담한 비용(약국 제외) - 출생일부터 1년 이내의 영유아에 대한 진료 및 처방에 의한 약제․치료재료 구입 비용 등(약국 포함)"",http://online.bokjiro.go.kr/"|||||||||
"당해 연도 영유아 건강검진 대상자 중 의료급여수급권자와 건강보험료 하위 50% 이하인 자로서 영유아 검진 결과 발달평가에서 '심화평가 권고'로 평가된 대상,영유아 발달장애 정밀검사비 지원,주소지 보건소에 방문하여 신청,"" 의료급여 수급권자, 차상위계층 : 최대 40만 원 건강보험료 하위 50% 이하 : 최대 20만 원"",-"|||||||||
"지원 대상 : 기준 중위소득 120% 이하(단, 지자체 및 서비스에 따라 상이), 아동청소년 심리지원서비스는 기준 중위소득 160%이하 - 소득 예외기준 : 일부 노인 장애인의 경우 기준 중위소득 140% 이하 이거나 기초연금 수급자 및 소득기준 없음 연령 기준 : 서비스별 상이,지역사회서비스,주민등록 거주지 읍면동 행복복지센터에 방문신청,"" 지원내용 : 서비스별 정부지원금 차등 지원 지원방법 : 매월 말일 바우처 지원금액 생성되어 서비스 제공 후 결제※ 지자체별 서비스 운영이 상이함으로 반드시 지자체(읍면동 및 시청, 구청, 군청) 문의 바랍니다."",-"|||||||||
"지원 대상 - 가정폭력·성폭력 피해 여성 및 동반가족으로 자립자활을 원하며, 의지가 있는 사람 - 장기 보호시설 입주자, 이주여성도 입주대상자에 포함(다만, 이주여성의 경우 불법체류자는 제외) - 장애인 피해 여성 또는 동반가족 중 장애인이 있을 경우, 그 장애의 특성을 고려하여 가능한 편리한 주택에 입주할 수 있도록 조치 입주 우선순위 - 1순위 : 보호시설에 3개월 이상 입소한 피해자, 만 10세 이상 남자 아동을 동반하여 보호시설 입소가 곤란한 자(보호 시설장의 추천을 받은 자에 한함), 보호시설에 입소하지 않은 친족 성폭력 피해 아동 및 청소년 - 2순위 : 보호시설에 3개월 미만 입소한 피해자 - 3순위 : 보호시설 미 입소 피해자 - 입주 우선순위 결정에 있어 보호시설 입소 기준은, 현재 입소해 있는지, 이미 퇴소했는지를 구분하지 않음 위 우선순위를 기준으로 “입주자 선정위원회”에서 취업 여부, 자격증 소지 여부 등 자립 가능성과 남아 동반 입주 여부, 동반 아동 수, 동거가족 중 장애인 포함 여부 등 주거 지원 필요성을 고려하여 최종 입주 순위 결정,폭력피해여성 주거지원 ,입주신청 > 자격 여부 등 확인 > 입주대상자 선정 > 약정서 체결 > 임대 주택 입주,"" 임대보증금  입주지원금 사업 운영비 지원 : 자립 상담원 인건비, 사업 관리비 등"",-"|||||||||
"만 6세 미만 영유아(의료급여수급권자),의료급여수급권자 영유아건강검진비 지원,국민건강보험공단 방문 신청,"" 영유아 건강검진 서비스 - 주요 선별 목표 질환 : 성장 이상, 발달 이상, 비만, 안전사고, 영아 급사 증후군, 청각 이상, 시각 이상, 치아우식증 등 - 영유아 건강검진 항목 : 각 월령에 특화된 문진(시각·청각 문진 포함)과 진찰, 신체계측(신장·체중·주위)이 공통 실시, 9종의 건강교육과 발달평가 및 상담(4개월 제외)으로 구성 - 검진 주기 : 4개월, 9개월, 18개월, 30개월, 42개월, 54개월, 66개월"",-"|||||||||
"진단서 발급비 대상자 - 생계급여 수급자, 의료급여 수급자로서 신규 등록 장애인  - 생계급여 수급자, 의료급여 수급자로서 의무적 재판정 시기가 도래한 장애인 - 국가 유공상이자 중 보훈보상 대상자   * 재판정 : 의무적 재판정 및 장애 판정 전문의가 재판정 기한을 명시한 경우  * 장애 등급의 조정 신청 및 이의신청의 경우는 진단비 지원 대상이 아님  * 서비스 재판정의 경우는 진단비 지원 대상이 아님  * 장애 등급심사 결과가 등급 외 결정이라 하더라도 지원 가능 검사비 대상자  - 장애인연금, 활동 지원 및 중증 장애 아동 수당 신청으로 인한 서비스 재판정 및 의무 재판정(의무적 재판정 및 장애 판정 전문의가 재판정 기한을 명시한 경우)으로 재진단을 받아야 하는 기존 등록장애인 중 수급자 및 차상위계층인 자  · 차상위계층 : 차상위 본인 부담 경감대상자, 차상위 자활, 차상위장애인, 한부모 가족, 우선 돌봄 차상위 - 국가 유공상이자 중 보훈보상 대상자 - 장애인복지법 시행규칙 제7조(장애 상태 확인) 제2항에 따라 시장, 군수, 구청장이 직권으로 장애 상태를 확인하고자 하는 자   · 장기이식에도 불구하고 장애 상태 확인이 필요한 경우  · 전환 대상자에 대한 확인을 위해 등급심사를 시행하는 경우  · 상이 등급을 받은 국가 유공자와 보훈보상 대상자 중 보훈보상 대상자만 해당  * 장애 등급심사 결과가 등급 외 결정이라 하더라도 지원 가능  * 다만, 허위 또는 부정으로 확인되어 경찰청 등에서 통보된 대상자는 심사 결과 장애상태가 확인된 경우 지원 가능,저소득장애인 진단서 발급비 및 검사비 지원 ,읍면동 주민센터에 방문하여 신청,"" 진단서 발급비 - 지적, 자폐성, 정신 장애 : 4만 원 - 기타 장애 : 1만 5천 원 검사비 - 생계급여, 의료급여 수급자 및 차상위계층  · 진단비 및 검사비 포함하여 소요비용 최대 10만 원"",-"|||||||||
"의료급여법에 의한 의료급여 2종 수급권자인 등록장애인 - 국민기초생활 보장법에 의한 수급자 중 근로 능력 세대의 등록장애인 - 장애인 의료비는 장애인에게만 지원되므로 당해 장애인과 세대를 같이 하는 비장애인인 가족원은 지원 대상이 아님 차상위 본인 부담 경감대상 등록장애인(만성질환, 18세 미만 장애 아동),장애인 의료비 지원,"" 자격이 확인되면 별도의 신청 절차 없이 지원- 단, 의료급여 2종 또는 차상위본인부담경감 자격이 없는 대상자는 주소지 읍면동에서 신청하여야 함."","" 의료급여 2종, 차상위 본인 부담 경감대상자의 의료기관 이용 시 발생하는 본인 부담금에 대한 일부 또는 전액 지원- 1차 외래 진료 : 750원- 2,3차 외래 진료 : 전액- 1,2,3차 입원 진료 : 전액- 특수장비촬영(CT,MRI,PET) : 전액"",-"|||||||||
"만 18세 미만 장애 아동 - 소득기준 : 기준 중위소득 120% 이하 - 장애등급 : 장애정도가 심한 장애 아동,장애아가족 양육 지원,읍면동 주민센터에 방문하여 신청,"" 급여액 : 1 가정 당 연 720시간 지원 서비스 내용 : 돌봄 서비스, 휴식지원프로그램"",-"|||||||||
아동 양육비 : 지원 대상자로 결정된 저소득 한부모 가구의 만 18세 미만의 아동 추가 아동 양육비 - 조손가족 및 만 35세 이상 미혼 한부모가족의 만 5세 이하 자녀 - 만 25~34세 이하 청년 한부모의 만 18세 미만 자녀 학용품비 : 한부모가족(조손가족 포함)의 중학생 및 고등학생 자녀 생활보조금 : 한부모가족 복지시설에 입소한 저소득 한부모가족(조손가족 포함)|한부모가족 아동양육비 지원| 읍면동 주민센터에 방문하거나 온라인으로 신청 신청 절차 - 소득재산조사(시군구)  - 보장 결정통지(시군구)  - 급여 지급(시군구)  - 소득재산 등 변동 관리 및 확인조사(시군구)  - 보장 및 급여중지(시군구)  - 한부모가족(급여 수혜)| 아동 양육비 : 저소득 한부모가족의 만 18세 미만 자녀 1인당 아동 양육비(월 20만 원) 지급  * 생계급여 지원 한부모가족 월 10만원 지원('21.5월~) 추가 아동 양육비  - 조손가족 및 만 35세 이상 미혼 한부모의 만 5세 이하 자녀 1인당 월 5만 원 지급  - 만 25~34세 이하 청년 한부모의 만 5세 이하 자녀 1인당 월 10만원 지급 / 만 6~18세 미만 자녀 1인당 월 5만원 지급 학용품비 : 한부모가족(조손가족 포함)의 중학생 및 고등학생 자녀 1인당 연 8.3만 원의 학용품비 지급 생활보조금 : 한부모가족 복지시설에 입소한 저소득 한 부모 가족(조손가족 포함)에 대해 가구당 월 5만 원 지급|http://online.bokjiro.go.kr|||||
국공립유치원| 초·중·고등학교에 재학 또는 지역아동센터에 소속된 다문화 학생  국공립유치원| 초·중·고등학교에 재학 중이거나 남북하나재단에 소속된 탈북학생|다문화·탈북학생 교육지원|소속 기관 및 학교로 신청| 다문화·탈북학생과 대학생 간의 1:1 멘토링을 통해 다문화·탈북학생 기초학습 및 학교생활 적응을 지원하고 대학생 국가장학금 지원|-|||
"「아동복지법 시행령」 제14조 및 ｢아동분야사업안내｣상의 가정위탁보호아동으로 결정된 아동 「아동복지법」제16조제4항에 따른 연장보호아동 「아동복지법」제15조제5항에 따른 일시위탁아동,가정위탁아동 상해보험료 지원,신청을 통한 지원 아님,"" 1인당 지원 보험료 : 68,500원 보험 담보 주요 내용 -후유 장해 보험금 -입원 의료비 -통원 의료비 -암 치료비(암 진단급여금) -상해 및 질병 입원 일당 -치아 치료비 -유괴, 납치, 인질 위로금 -강력범죄 위로금 -얼굴 성형 -정신과 질환 진단금 -일상생활배상책임 -골절발생위로금 -폭력피해위로금 -식중독위로금"",-"|||||||||
"｢장애인복지법｣상 지적･자폐성 장애인으로 등록된 자녀의 부모 및 보호자   지적장애 또는 자폐성 장애를 부장애로 가진 경우도 포함 발달장애인 자녀의 부모 동시 지원 가능 *단, 우선적으로 부모를 지원하는 것이 원칙이나, 부모가 발달장애인과 생계주거를 함께하지 못하는 경우, 발달장애인과 거주를 같이하면서 부모를 대신하여 발달장애인을 돌보는 보호자(2촌 이내)도 이용 가능 기타요건 - 다만, 자녀가 영유아(만6세 미만)의 경우 장애등록이 되어있지 않은 경우, 발달장애(지적･자폐성)가 의심된다는 발달재활서비스 의뢰서 또는 의사소견서(진단서) 첨부(최근 6개월 이내 발행분) 연령은 신청 일을 기준으로 판정하되 대상자로 선정된 후 사업기간 중 만6세 도래 시에는 만6세가 되는 달까지 지원 * 만6세 연령 도래 이후도 장애인 등록이 안 된 경우 읍･면･동에서 장애인 등록 유도 제외대상 - 다른 법령(또는 국가 예산)에 따라 발달장애인 부모상담지원 사업과 유사한 서비스를 받고 있는 자 - 장애인복지법 제32조의 2(재외동표 및 외국의 장애인등록)에 따라 장애등록한 외국인(재외동포 포함),발달장애인부모상담지원,"" 신청자：서비스를 필요로 하는 본인, 부모 또는 가구원, 대리인 신청가능 신청장소：주민등록상 주소지 관할 읍･면･동 또는 시･군･구 시･군･구(읍･면･동)에서 대상자 발굴하여 신청서 접수 후 소득조사 및 기타 자격요건 조사･확인 후 대상자 선정※ 상담서비스 제공기관은 장애 자녀의 서비스 이용기관이나 학교, 사회복지기관등을 방문하여 서비스의 내용과 절차에 대해 홍보하고 서비스 대상자 발굴을 위해 노력해야 함"","" 발달장애인 부모에게 상담(개별/집단)지원 - 회당 50~100분, 월 3~4회 이상, 12개월 간 제공(특별한 경우 연장 최대 12개월 가능) ※서비스 연장을 위한 욕구 판정 실시(3개월마다)- 기본서비스 이용(12개월) 외, 추가로 신청자가 서비스 연장 이용을 원할 경우, 제공기관에서 신청자의 심리·정신 상태 측정 - 우울척도 판정 결과 우울증이 의심되는 수준인 경우(CESD-11, 16점 이상) 연장 가능- 우출척도 판정 결과가 기준 수준 이하인 경우라도 스트레스 등 다른 심리·정서 검사 결과 전문적인 상담지원이 필요하다고 판단되는 경우 지원 연장 가능"",-"|||||||||
"실종아동, 실종 장애인(지적·자폐성·정신)과 그 가족,실종아동 보호 및 지원,""방문 : 서울특별시 종로구 삼봉로 71, g타워 6층"","" 실종아동등 가족지원, 실종·유괴예방 교육 등의 서비스를 제공"",-"|||||||||
"국내입양·가정위탁 보호아동 중 과잉행동장애(ADHD), 정서불안장애 등으로 인해 상담･치료가 필요한 아동 - 만 18세 이상이더라도 고등학교 재학 중인 입양·위탁아동과 가정위탁 연장보호아동도 포함,입양가정위탁아동 심리치료 지원,가정위탁지원센터를 방문하여 신청,"" 지원프로그램 내역 : 심리정서치료비, 검사비 치료내역 : 치료 대상 아동의 증상에 따라 필요한 프로그램을 선별 또는 혼합하여 놀이치료, 미술치료, 음악치료, 집단치료, 인지치료, 언어치료, 기타 아동의 심리 정서 회복을 위한 치료 치료 가격 및 제공기간 - 심리검사비 : 20만 원(1회)   〮 종합심리검사(Full Battery검사)는 예산지원 가능범위 내에서 30만원 이내 지원 가능 - 심리정서치료비 및 위탁부모 양육상담비 : 위탁아동 및 위탁부모 각 월 20만 원 이내, 상담 및 치료횟수는 월4회 이상(1회당 50분 내외 원칙)   〮 시·군·구·청장이 필요하다고 인정하는 경우 치료·검사·상담 지원 금액을 각 10만원 이내에서 초과지급 가능 - 아동 및 보호자 교통비 : 월 2만 원 이내(지역적 상황으로 택시를 이용해야 하는 경우 월 4만 원 이내) - 지원기간 : 12개월 이내   〮 필요 시 연장 가능하며, 연장 시 관련 내용이 명시된 치료기관의 진단서 또는 소견서를 제출받아 시장･군수･구청장이 결정"",-"|||||||||
"(기저귀)  - 만 2세 미만의 영아를 둔 아래 기초생활보장, 차상위계층, 한부모가족 수급 가구 대상으로 영아별로 지원  ㆍ 국민기초생활보장법 상 생계⋅의료⋅주거⋅교육급여 수급 가구  ㆍ 차상위 본인부담경감 대상 가구  ㆍ 자활사업에 참여하는 차상위 가구  ㆍ 차상위 장애인 수당⋅연금 수급 가구  ㆍ 차상위계층확인서 발급 대상 가구  ㆍ 한부모가족지원법에 의한 지원 대상 가구(청소년한부모가족 포함) - 만 2세 미만의 영아를 둔 기준중위소득 80% 이하의 장애인 가구  ㆍ 부 또는 모 또는 영아가 일반장애인으로 등록된 가구 대상 영아별로 지원 - 만 2세 미만의 영아를 둔 기준중위소득 80% 이하의 다자녀 (2인 이상) 가구  ㆍ 2인 이상 다자녀 가구 내 2세 미만 영아별로 지원 (조제분유) 기저귀 지원대상 중 아래 사유에 해당 시 지원  - 아동복지시설･공동생활가정･가정위탁보호･입양대상 아동, 한부모(부자･조손) 및 영아 입양 가정의 아동  - 산모의 사망･질병으로 모유수유가 불가능한 경우  - 산모의 방사성 요오드 치료, 의식불명 등으로 모유수유가 불가능하다고 의사가 판단하는 경우,저소득층 기저귀·조제분유 지원,""  방문 신청 : 영아의 주민등록 주소지 관할 시군구 보건소 또는 읍면동 주민센터  ※ 주민센터로 신청 시, 최종 판정결과는 관할 보건소에서 개별 통지 온라인 신청 : www.bokjiro.go.kr"", 기저귀(월 6만4천원) ･ 조제분유(월 8만6천원) 구매비용을 국민행복카드에 바우처 포인트로 지급,http://online.bokjiro.go.kr/"|||||||||
"․검찰 및 경찰에서 통지 된 성매매 피해아동․청소년 ․아웃리치, 사이버 또래 상담실, 성매매 피해상담소 등 유관기관에서 연계된 청소년,성매매 피해아동 청소년 통합지원 사업,""방문, 전화"",""성매매 피해아동․청소년에 대한 긴급 구조, 상담, 보호, 자립․자활, 치료․회복 등"",-"|||||||||
"언어평가 및 언어교육이 필요한 만 12세 이하 다문화 가족 자녀 - 초등학교 재학 중인 아동의 경우 만 12세를 초과하여도 사업 대상에 포함,다문화가족 자녀 언어발달지원사업,다문화가족지원센터를 방문하여 신청문의처 : 다누리콜센터(1577-1366),"" 다문화 가족 자녀의 언어발달 상태를 평가하고, 의사소통에 어려움을 가진 아동에게 적절한 언어교육 실시"",-"|||||||||
"서비스 제공에 따른 대상자 제한 - 치매관리 : 노인 - 영양플러스 : 취약계층 임산부 및 영유아 - 장애인 재활서비스 : 장애인 - 철분제, 엽산제 제공 : 임산부,지역사회 통합건강증진 서비스 제공,관할 보건소 방문,"" 지역주민의 건강증진을 위한 예방적 교육, 보건의료 서비스 제공 - 복지 대상자에 대한 사업 간 연계 서비스 제공"",-"|||||||||
"가정폭력 피해자 및 동반 아동,가정폭력피해자 치료회복 프로그램 및 의료비 지원,""전국 가정폭력 상담소, 보호시설, 1366센터, 해바라기 센터를 방문하거나 전화로 신청"","" 가정폭력 피해자 및 동반 아동 - 치료회복 프로그램 : 가정폭력 피해자에 대하여 심리적 안정을 위한 전문상담, 심신 회복을 위한 정신 및 심리치료 등을 내용으로 하는 치료·회복 프로그램을 운영(개별상담, 집단상담, 미술치료, 음악치료, 부부 상담, 심신 회복 캠프, 문화체험 등) - 의료비 : 치료비용 본인 부담액, 건강보험 또는 의료급여 비적용 진료비용 지원하며, 그 대상은 지원 보건에 관한 상담 및 지도, 신체적·정신적 피해에 대한 치료, 임산부의 심리적 안정을 위한 각종 치료 프로그램의 실시 등 정신 치료 지원"",-"|||||||||
"부 또는 모가 만 24세 이하이면서 아동을 양육하는 기준 중위소득 60% 이하인 한부모 가구,청소년한부모 아동양육 및 자립지원, 읍면동 주민센터에 방문하거나 온라인으로 신청  신청 절차  - 소득재산조사(시군구)  - 보장 결정통지(시군구)  - 급여 지급(시군구)  - 소득재산 등 변동 관리 및 확인조사(시군구) - 보장 및 급여중지(시군구)  - 한부모가족(급여 수혜),"" (연령 조건) 부 또는 모가 만 24세 이하인 한 부모 가구 (소득 조건) 기준 중위소득 60% 이하인 가구 (세부 내용) 아동양육비(월 35만원*), 검정고시학습비 등(연 154만원 이내), 자립촉진수당(월 10만원)  * 생계급여 지원 청소년한부모 월 25만원 지원('21.5월~)"",http://online.bokjiro.go.kr"|||||||||
